Element;h_index;g_index;m_index;TC;NP;PY_start
WANG L;12;25;0,571;872;25;2002
WANG J;9;18;0,529;373;30;2006
LIU Y;10;16;0,769;272;20;2010
SU HS;10;15;0,667;1267;15;2008
CROKIDAKIS N;8;11;0,727;179;11;2012
LIU J;7;11;0,875;318;11;2015
WANG C;7;11;0,636;238;11;2012
WANG XF;9;11;0,529;1174;11;2006
WEN GH;9;11;0,818;376;11;2012
CHEN G;7;10;0,636;304;10;2012
